Übergeordneter Account,Accountname,Maklerbetreuer Wirtschaftshaus,Maklerbetreuer Wirtschaftshaus,Account-ID
WH Maklerbetreuer - Sven Schulz,101 % Finanzkonzepte Vermittlungs GmbH,Sven Schulz,Sven Schulz,001b000000m8uHm
WH Maklerbetreuer - Sven Schulz,Adler & Co. GmbH & Co. KG,Sven Schulz,Sven Schulz,001b000000up3DW
WH Maklerbetreuer - Sven Schulz,AGATHON Unternehmensberatungsges. mbH,Sven Schulz,Sven Schulz,001b000001QuZ2m
WH Maklerbetreuer - Sven Schulz,AKS Assekuranzkontor Schneider GmbH,Sven Schulz,Sven Schulz,001b000000rnhis
WH Maklerbetreuer - Sven Schulz,AKTIVA Immobilien,Sven Schulz,Sven Schulz,001b000003Zy0Bb
WH Maklerbetreuer - Sven Schulz,AMONARO IMMOBILIEN BY ANKE DIETZ,Sven Schulz,Sven Schulz,001b000001HKduy
WH Maklerbetreuer - Sven Schulz,Analysis Gesellschaft für Beteiligungen mbH,Sven Schulz,Sven Schulz,001b000003SeXrI
WH Maklerbetreuer - Sven Schulz,Andreas Berend Versicherungsmakler,Sven Schulz,Sven Schulz,001b000003b0P5l
WH Maklerbetreuer - Sven Schulz,Anita Ladda Bausparagentur,Sven Schulz,Sven Schulz,001b000003b0MIH
WH Maklerbetreuer - Sven Schulz,ARUS Versicherungs- Vermittlungsgesellschaft mbH,Sven Schulz,Sven Schulz,001b000000nXirN
WH Maklerbetreuer - Sven Schulz,AS Versicherungskontor Albers GmbH,Sven Schulz,Sven Schulz,001b000000p36o3
WH Maklerbetreuer - Sven Schulz,ASMCO,Sven Schulz,Sven Schulz,001b000001sdrcY
WH Maklerbetreuer - Sven Schulz,Avatar GmbH,Sven Schulz,Sven Schulz,001b0000024r9Uw
WH Maklerbetreuer - Sven Schulz,AVD Nordstemmen,Sven Schulz,Sven Schulz,001b000000unI6X
WH Maklerbetreuer - Sven Schulz,Avivre Consult GmbH,Sven Schulz,Sven Schulz,001b000001QvPr2
WH Maklerbetreuer - Sven Schulz,Bad Segeberg + Norderstedt von Poll,Sven Schulz,Sven Schulz,001b000003Seaqb
WH Maklerbetreuer - Sven Schulz,Bartsch & Rozmarin Immobilien OHG,Sven Schulz,Sven Schulz,001b000003SebZI
WH Maklerbetreuer - Sven Schulz,bbg Betriebsberatungs GmbH,Sven Schulz,Sven Schulz,001b0000024r9OY
WH Maklerbetreuer - Sven Schulz,Beraterhaus360,Sven Schulz,Sven Schulz,001b000000lBO5h
WH Maklerbetreuer - Sven Schulz,Bernd Schiffer Versicherungsmakler,Sven Schulz,Sven Schulz,001b000003b0LzZ
WH Maklerbetreuer - Sven Schulz,Bernd Schulz Immobilien Verwaltungs- und Vertriebsgesellschaft mbH,Sven Schulz,Sven Schulz,001b000003K7V3J
WH Maklerbetreuer - Sven Schulz,Bernhard Knapp GmbH Vereinigte Versicherungsmakler,Sven Schulz,Sven Schulz,001b0000024r9Uy
WH Maklerbetreuer - Sven Schulz,Billerbeck GmbH,Sven Schulz,Sven Schulz,001b000000upiar
WH Maklerbetreuer - Sven Schulz,Bruch Immobilien,Sven Schulz,Sven Schulz,001b000000oacMj
WH Maklerbetreuer - Sven Schulz,Brüdern + Eisert + Vette GmbH,Sven Schulz,Sven Schulz,001b000000o31Wq
WH Maklerbetreuer - Sven Schulz,BÜHMANN Immobilien,Sven Schulz,Sven Schulz,001b000000phMYt
WH Maklerbetreuer - Sven Schulz,Bürgerhilfe Bad Nenndorf e.V.,Sven Schulz,Sven Schulz,001b000000nXbPT
WH Maklerbetreuer - Sven Schulz,BVSV,Sven Schulz,Sven Schulz,001b000003b0Opf
WH Maklerbetreuer - Sven Schulz,BYN,Sven Schulz,Sven Schulz,001b0000024r9Q1
WH Maklerbetreuer - Sven Schulz,Campo Immobilien,Sven Schulz,Sven Schulz,001b0000019fMck
WH Maklerbetreuer - Sven Schulz,Concreto Finanzkonzepte,Sven Schulz,Sven Schulz,001b0000024r9Px
WH Maklerbetreuer - Sven Schulz,CONIMMO Immobilien GmbH,Sven Schulz,Sven Schulz,001b000001sd5me
WH Maklerbetreuer - Sven Schulz,Corifina,Sven Schulz,Sven Schulz,001b000000unWmp
WH Maklerbetreuer - Sven Schulz,Daniel Schlüter Versicherungsplanung,Sven Schulz,Sven Schulz,001b0000024r9P7
WH Maklerbetreuer - Sven Schulz,DER IMMO TIP,Sven Schulz,Sven Schulz,001b000000h2J5w
WH Maklerbetreuer - Sven Schulz,Deutsche Gesellschaft für Ruhestandplanung,Sven Schulz,Sven Schulz,001b000003XCiWg
WH Maklerbetreuer - Sven Schulz,DEUTSCHER IMMOBILIEN DIENST GmbH,Sven Schulz,Sven Schulz,001b000001Qv5yj
WH Maklerbetreuer - Sven Schulz,DICAP GmbH,Sven Schulz,Sven Schulz,001b000003WHR30
WH Maklerbetreuer - Sven Schulz,DKV Frank Voigt,Sven Schulz,Sven Schulz,001b000001seHft
WH Maklerbetreuer - Sven Schulz,Dr. Michael Mitsch Finanzwirt,Sven Schulz,Sven Schulz,001b000001HLXoH
WH Maklerbetreuer - Sven Schulz,DR. WEBER & PARTNER GMBH,Sven Schulz,Sven Schulz,001b000001seLaq
WH Maklerbetreuer - Sven Schulz,Dübbelde Immobilien,Sven Schulz,Sven Schulz,001b000003K8wEF
WH Maklerbetreuer - Sven Schulz,DUIS Immobilien,Sven Schulz,Sven Schulz,001b000000nXdke
WH Maklerbetreuer - Sven Schulz,Ernst Kröger & Sohn Immobilien GmbH,Sven Schulz,Sven Schulz,001b000000unBlV
WH Maklerbetreuer - Sven Schulz,ES - Immobilien,Sven Schulz,Sven Schulz,001b0000027bNdA
WH Maklerbetreuer - Sven Schulz,EUCONA ImmoFinanz Wolfgang Rudolphy,Sven Schulz,Sven Schulz,001b000000rngqS
WH Maklerbetreuer - Sven Schulz,European Property Invest München,Sven Schulz,Sven Schulz,001b000003h72L7
WH Maklerbetreuer - Sven Schulz,F&T Immobilienmanagement Inh. Nathalie Thiele,Sven Schulz,Sven Schulz,001b0000027bM35
WH Maklerbetreuer - Sven Schulz,FB Zimmermann,Sven Schulz,Sven Schulz,001b0000024r9OJ
WH Maklerbetreuer - Sven Schulz,Finance AK ISM,Sven Schulz,Sven Schulz,001b0000024r9T5
WH Maklerbetreuer - Sven Schulz,Finanz- & Versicherungsmakler Tobias Fritsch,Sven Schulz,Sven Schulz,001b000000m9Pv5
WH Maklerbetreuer - Sven Schulz,Finanz & Versicherungsmakler Tommy Reif,Sven Schulz,Sven Schulz,001b000003b0MFm
WH Maklerbetreuer - Sven Schulz,Finanzanlagenvermittler Heiko Wiese,Sven Schulz,Sven Schulz,001b0000024r78f
WH Maklerbetreuer - Sven Schulz,Finanzdienstleistung Böhm,Sven Schulz,Sven Schulz,001b000002JVJwe
WH Maklerbetreuer - Sven Schulz,FINANZSTARK Dienstleistungsagentur GmbH,Sven Schulz,Sven Schulz,001b0000024r9Pp
WH Maklerbetreuer - Sven Schulz,Finkon Deutschland,Sven Schulz,Sven Schulz,001b0000024r9Ta
WH Maklerbetreuer - Sven Schulz,FOKUS CONSULTING,Sven Schulz,Sven Schulz,001b000000phy9N
WH Maklerbetreuer - Sven Schulz,Frye & Röhr GmbH,Sven Schulz,Sven Schulz,001b000000f86Ms
WH Maklerbetreuer - Sven Schulz,FuV Maklerbüro GmbH Versicherungsmakler,Sven Schulz,Sven Schulz,001b0000024r9Ps
WH Maklerbetreuer - Sven Schulz,Gerhard Norwig Finanz-und Versicherungsmakler,Sven Schulz,Sven Schulz,001b0000024r9Ux
WH Maklerbetreuer - Sven Schulz,Grabbe - Lange Immobilien,Sven Schulz,Sven Schulz,001b0000019dF44
WH Maklerbetreuer - Sven Schulz,Graf von Hamburg Immobilien,Sven Schulz,Sven Schulz,001b000003lQ3BD
WH Maklerbetreuer - Sven Schulz,HannoverReal,Sven Schulz,Sven Schulz,001b000000ro9Sa
WH Maklerbetreuer - Sven Schulz,Hannoversche Volksbank Immobilien GmbH,Sven Schulz,Sven Schulz,001b000000buTT2
WH Maklerbetreuer - Sven Schulz,Hannoversche Volksbank Immobilien Neustadt,Sven Schulz,Sven Schulz,001b000003Jc4LK
WH Maklerbetreuer - Sven Schulz,Hans Hövelmann Versicherungsbüro,Sven Schulz,Sven Schulz,001b000003b0Mys
WH Maklerbetreuer - Sven Schulz,Harald Schultz Mehrfachagentur,Sven Schulz,Sven Schulz,001b0000024r9Ol
WH Maklerbetreuer - Sven Schulz,Harders Immobilien,Sven Schulz,Sven Schulz,001b000001sdquD
WH Maklerbetreuer - Sven Schulz,Harms & Harms Immobilien,Sven Schulz,Sven Schulz,001b000000nXKh0
WH Maklerbetreuer - Sven Schulz,Hartmann Finanzdienstleistungen GmbH,Sven Schulz,Sven Schulz,001b0000012e6rJ
WH Maklerbetreuer - Sven Schulz,HBZ Zarnack,Sven Schulz,Sven Schulz,001b000003N32bx
WH Maklerbetreuer - Sven Schulz,Hengstermann Unternehmensgruppe,Sven Schulz,Sven Schulz,001b000000rnhVj
WH Maklerbetreuer - Sven Schulz,Holtz Immobilien GmbH,Sven Schulz,Sven Schulz,001b000000rnl5C
WH Maklerbetreuer - Sven Schulz,House of Immobilien UG,Sven Schulz,Sven Schulz,001b000003i9GKK
WH Maklerbetreuer - Sven Schulz,HUG Healthcaremanagement,Sven Schulz,Sven Schulz,001b000003Yksnv
WH Maklerbetreuer - Sven Schulz,HW Invest,Sven Schulz,Sven Schulz,001b0000037zo6t
WH Maklerbetreuer - Sven Schulz,I.B.E. Inh. Sven Eberhardt,Sven Schulz,Sven Schulz,001b000001Z4GXt
WH Maklerbetreuer - Sven Schulz,IBRACEL Immobilien,Sven Schulz,Sven Schulz,001b000001HKTcL
WH Maklerbetreuer - Sven Schulz,IFAM e.K.,Sven Schulz,Sven Schulz,001b000000gGaXz
WH Maklerbetreuer - Sven Schulz,Ihr Versicherungsbüro UG,Sven Schulz,Sven Schulz,001b000003ULNwx
WH Maklerbetreuer - Sven Schulz,IHR VERSICHERUNGSMAKLER Frank Auhagen,Sven Schulz,Sven Schulz,001b000000phNMS
WH Maklerbetreuer - Sven Schulz,Immobilien Kontor Norden,Sven Schulz,Sven Schulz,001b000000nVrZM
WH Maklerbetreuer - Sven Schulz,Immobilienservice Wiegand,Sven Schulz,Sven Schulz,001b000000r6dut
WH Maklerbetreuer - Sven Schulz,immobo GmbH,Sven Schulz,Sven Schulz,001b000001QuSEA
WH Maklerbetreuer - Sven Schulz,Immopra Immobilien Hausverwaltung,Sven Schulz,Sven Schulz,001b000000m8KIi
WH Maklerbetreuer - Sven Schulz,ImmoVerkauf.hamburg,Sven Schulz,Sven Schulz,001b000001HLxCO
WH Maklerbetreuer - Sven Schulz,Immoverkauf24 GmbH,Sven Schulz,Sven Schulz,001b000001HLbJa
WH Maklerbetreuer - Sven Schulz,Independent Brokers AG Service-Gesellschaft,Sven Schulz,Sven Schulz,001b000003b0Lxd
WH Maklerbetreuer - Sven Schulz,INP Invest AG,Sven Schulz,Sven Schulz,001b000002Xbs80
WH Maklerbetreuer - Sven Schulz,InSenSi.org,Sven Schulz,Sven Schulz,001b000003b0Mrj
WH Maklerbetreuer - Sven Schulz,INTER-REAL Grundstücks-GmbH,Sven Schulz,Sven Schulz,001b000001Z4xJE
WH Maklerbetreuer - Sven Schulz,Jacobs Touristik und Immobilien GmbH,Sven Schulz,Sven Schulz,001b000003ImqXT
WH Maklerbetreuer - Sven Schulz,Johannsen H.P. RDM-Immobilien Hausmakler seit 1872,Sven Schulz,Sven Schulz,001b000000oaglm
WH Maklerbetreuer - Sven Schulz,Jürgen Rögner Versicherungsmakler,Sven Schulz,Sven Schulz,001b000003b0Lyv
WH Maklerbetreuer - Sven Schulz,Kadenwald Immobilien GmbH & Co. KG,Sven Schulz,Sven Schulz,001b0000024r9PP
WH Maklerbetreuer - Sven Schulz,Käselow Immobilien GmbH,Sven Schulz,Sven Schulz,001b000003b0ATY
WH Maklerbetreuer - Sven Schulz,Katrin P. Baar Excellence Immobilien,Sven Schulz,Sven Schulz,001b0000037zZVQ
WH Maklerbetreuer - Sven Schulz,Klaus Römer Versicherungsbüro,Sven Schulz,Sven Schulz,001b000000f7yxz
WH Maklerbetreuer - Sven Schulz,Knoll Matthias Finanzdienstleister,Sven Schulz,Sven Schulz,001b0000024r9UU
WH Maklerbetreuer - Sven Schulz,KODAL Versicherungsmakler,Sven Schulz,Sven Schulz,001b0000002R7z2
WH Maklerbetreuer - Sven Schulz,KPC capital GmbH,Sven Schulz,Sven Schulz,001b000000p2cTA
WH Maklerbetreuer - Sven Schulz,Kreth Immobilien,Sven Schulz,Sven Schulz,001b000001sdafH
WH Maklerbetreuer - Sven Schulz,KÜHLING - Die Immobilien Makler,Sven Schulz,Sven Schulz,001b000001HKTRA
WH Maklerbetreuer - Sven Schulz,KUNST IMMOBILIEN,Sven Schulz,Sven Schulz,001b000000o4kWd
WH Maklerbetreuer - Sven Schulz,Lemco Immobilien OHG,Sven Schulz,Sven Schulz,001b000001Z7IKe
WH Maklerbetreuer - Sven Schulz,LSI Sachwertanalyse,Sven Schulz,Sven Schulz,001b000003b0P2F
WH Maklerbetreuer - Sven Schulz,Ludger von der Pütten-Bluhm Versicherungsmakler,Sven Schulz,Sven Schulz,001b000003b0Oac
WH Maklerbetreuer - Sven Schulz,Lüling Immobilien,Sven Schulz,Sven Schulz,001b000000nXRNA
WH Maklerbetreuer - Sven Schulz,Makler Daniel Schulze,Sven Schulz,Sven Schulz,001b0000024r9QW
WH Maklerbetreuer - Sven Schulz,Makler Service Büro Gaby Kiefer,Sven Schulz,Sven Schulz,001b000001seHaF
WH Maklerbetreuer - Sven Schulz,Maklerbüro Holger Carstens,Sven Schulz,Sven Schulz,001b000003h7HND
WH Maklerbetreuer - Sven Schulz,Maklerbüro Jochen Speiger,Sven Schulz,Sven Schulz,001b000003UMl64
WH Maklerbetreuer - Sven Schulz,Maklerbüro Ralf Korte,Sven Schulz,Sven Schulz,001b000003XAJj5
WH Maklerbetreuer - Sven Schulz,Maklerbüro Sven Jaufmann,Sven Schulz,Sven Schulz,001b000000jAVWx
WH Maklerbetreuer - Sven Schulz,Maklerbüro Thomas Brettinger,Sven Schulz,Sven Schulz,001b000003b0LtJ
WH Maklerbetreuer - Sven Schulz,Maklerbüro Westphal,Sven Schulz,Sven Schulz,001b000000rl9Pr
WH Maklerbetreuer - Sven Schulz,Manfred Kolatus e.K.,Sven Schulz,Sven Schulz,001b0000024r9PO
WH Maklerbetreuer - Sven Schulz,Martin Limbeck Group,Sven Schulz,Sven Schulz,001b000003Njbjy
WH Maklerbetreuer - Sven Schulz,Max Aicher GmbH & Co.KG,Sven Schulz,Sven Schulz,001b000003cOkJo
WH Maklerbetreuer - Sven Schulz,Mayer & Dau Immobilien GmbH,Sven Schulz,Sven Schulz,001b000003YktSR
WH Maklerbetreuer - Sven Schulz,MBW Versicherungsmakler GmbH & CO. KG,Sven Schulz,Sven Schulz,001b000000nXPUr
WH Maklerbetreuer - Sven Schulz,Meeres Immobilien,Sven Schulz,Sven Schulz,001b000000oagBs
WH Maklerbetreuer - Sven Schulz,Micaela Fundt Immobilien e.K.,Sven Schulz,Sven Schulz,001b0000027b6eh
WH Maklerbetreuer - Sven Schulz,MIKA Immobilien,Sven Schulz,Sven Schulz,001b000001HKU4R
WH Maklerbetreuer - Sven Schulz,MSB – Ihr MaklerService,Sven Schulz,Sven Schulz,001b000000O9iBp
WH Maklerbetreuer - Sven Schulz,NEWPORT Asset Finance GmbH,Sven Schulz,Sven Schulz,001b0000019eUOS
WH Maklerbetreuer - Sven Schulz,Niederkron Immobilien,Sven Schulz,Sven Schulz,001b000003K5dPL
WH Maklerbetreuer - Sven Schulz,NKM Versicherungsmakler,Sven Schulz,Sven Schulz,001b000001seH1a
WH Maklerbetreuer - Sven Schulz,Nordland Investment GmbH,Sven Schulz,Sven Schulz,001b000002JUBtf
WH Maklerbetreuer - Sven Schulz,Nordsee Immobilien,Sven Schulz,Sven Schulz,001b000000nVuAu
WH Maklerbetreuer - Sven Schulz,NRW Versicherungen,Sven Schulz,Sven Schulz,001b0000024r9OX
WH Maklerbetreuer - Sven Schulz,Oberschachtsiek Finanzdienstleistung,Sven Schulz,Sven Schulz,001b000003Ykpy0
WH Maklerbetreuer - Sven Schulz,Odenthal Immobilien GmbH & Co. KG,Sven Schulz,Sven Schulz,001b000003ev5Py
WH Maklerbetreuer - Sven Schulz,Ökorenta AG,Sven Schulz,Sven Schulz,001b000001seHPJ
WH Maklerbetreuer - Sven Schulz,Peters + Peters Wohn- und Anlageimmobilien GmbH,Sven Schulz,Sven Schulz,001b000003K7WIM
WH Maklerbetreuer - Sven Schulz,Pfeiffer & Koberstein Agrarimmobilien GmbH,Sven Schulz,Sven Schulz,001b000000oahU6
WH Maklerbetreuer - Sven Schulz,Private Vorsorge Spezialisten Vertriebs-AG,Sven Schulz,Sven Schulz,001b0000024r9T9
WH Maklerbetreuer - Sven Schulz,PROFFICE Versicherungs- vermittlung GmbH & Co. KG,Sven Schulz,Sven Schulz,001b0000024r9TH
WH Maklerbetreuer - Sven Schulz,Projektline M. Schröder,Sven Schulz,Sven Schulz,001b000003uXkDT
WH Maklerbetreuer - Sven Schulz,Promega GmbH & Co. KG,Sven Schulz,Sven Schulz,001b000000nXQp1
WH Maklerbetreuer - Sven Schulz,Property & Partner Immobilien GmbH,Sven Schulz,Sven Schulz,001b000001QsNfT
WH Maklerbetreuer - Sven Schulz,Provinzial Rheinand,Sven Schulz,Sven Schulz,001b000003b0AsW
WH Maklerbetreuer - Sven Schulz,Pulay Immobilien,Sven Schulz,Sven Schulz,001b000002XbnRe
WH Maklerbetreuer - Sven Schulz,Raiffeisen-Volksbank Neustadt eG,Sven Schulz,Sven Schulz,001b000003HkAYR
WH Maklerbetreuer - Sven Schulz,raumlotse immobilien,Sven Schulz,Sven Schulz,001b000000o4nOW
WH Maklerbetreuer - Sven Schulz,Real Estate Agencies,Sven Schulz,Sven Schulz,001b000003h9HBD
WH Maklerbetreuer - Sven Schulz,Real invest FRA,Sven Schulz,Sven Schulz,001b000001QstvO
WH Maklerbetreuer - Sven Schulz,Remax Marc Wolfram,Sven Schulz,Sven Schulz,001b000003N32VV
WH Maklerbetreuer - Sven Schulz,Rendite Immobilien RP,Sven Schulz,Sven Schulz,001b000003pGxPx
WH Maklerbetreuer - Sven Schulz,RGR Versicherungsmakler Sascha Rees,Sven Schulz,Sven Schulz,001b0000040rXZf
WH Maklerbetreuer - Sven Schulz,RML Riskmanagement Landwirtschaft Ltd.,Sven Schulz,Sven Schulz,001b000001MWD1B
WH Maklerbetreuer - Sven Schulz,Rosin Vorsorge,Sven Schulz,Sven Schulz,001b000003b0Otr
WH Maklerbetreuer - Sven Schulz,Sabine Lorenzen Immobilien,Sven Schulz,Sven Schulz,001b0000027bNjR
WH Maklerbetreuer - Sven Schulz,SBG Standort Beratung Grupe,Sven Schulz,Sven Schulz,001b000000rlAUm
WH Maklerbetreuer - Sven Schulz,Schniedertöns & Partner,Sven Schulz,Sven Schulz,001b0000003sRPN
WH Maklerbetreuer - Sven Schulz,Schultz Immobilien,Sven Schulz,Sven Schulz,001b000001Z4GyH
WH Maklerbetreuer - Sven Schulz,Service - International.eu,Sven Schulz,Sven Schulz,001b000000phyR8
WH Maklerbetreuer - Sven Schulz,Sincero AG,Sven Schulz,Sven Schulz,001b000001seH9I
WH Maklerbetreuer - Sven Schulz,Soeken Immobilien,Sven Schulz,Sven Schulz,001b000000nXKIs
WH Maklerbetreuer - Sven Schulz,Solvium Capital GmbH,Sven Schulz,Sven Schulz,001b0000024r9P5
WH Maklerbetreuer - Sven Schulz,Sparfreunde Deutschland,Sven Schulz,Sven Schulz,001b000001seEXb
WH Maklerbetreuer - Sven Schulz,Stefan Reese Versicherungsmakler,Sven Schulz,Sven Schulz,001b000000lFLLI
WH Maklerbetreuer - Sven Schulz,Steffen Heino Versicherungsagentur,Sven Schulz,Sven Schulz,001b000000oaYxc
WH Maklerbetreuer - Sven Schulz,Steinwender Immobilien,Sven Schulz,Sven Schulz,001b000001Z4hKc
WH Maklerbetreuer - Sven Schulz,Steuerbüro Andreas Marquardt,Sven Schulz,Sven Schulz,001b000003b1xG8
WH Maklerbetreuer - Sven Schulz,Stratega Financial Services GmbH,Sven Schulz,Sven Schulz,001b000003b0NVN
WH Maklerbetreuer - Sven Schulz,Susanne Reichelt Versicherungsvermittler,Sven Schulz,Sven Schulz,001b000003b0Lw9
WH Maklerbetreuer - Sven Schulz,Thorsten Selle Finanzdienstleistungen,Sven Schulz,Sven Schulz,001b000000mqlNP
WH Maklerbetreuer - Sven Schulz,Ulrich Klapp Versicherungsmakler,Sven Schulz,Sven Schulz,001b000003b0Nne
WH Maklerbetreuer - Sven Schulz,Versicherungsagentur Schafstall,Sven Schulz,Sven Schulz,001b0000024r9Oc
WH Maklerbetreuer - Sven Schulz,Versicherungsbüro Werner Baumgärtner,Sven Schulz,Sven Schulz,001b000001seHJm
WH Maklerbetreuer - Sven Schulz,Versicherungsdienste Handwerk Büro in der Kreishandwerkerschaft,Sven Schulz,Sven Schulz,001b000003b0M2K
WH Maklerbetreuer - Sven Schulz,Versicherungsmakler A. Schröder e.K.,Sven Schulz,Sven Schulz,001b000000p36w2
WH Maklerbetreuer - Sven Schulz,Versicherungsmakler Dipl. Ing. Klaus Neumann,Sven Schulz,Sven Schulz,001b0000002R80n
WH Maklerbetreuer - Sven Schulz,Versicherungsvermittler Voss,Sven Schulz,Sven Schulz,001b000000lCUoK
WH Maklerbetreuer - Sven Schulz,VIA Konzepte GmbH,Sven Schulz,Sven Schulz,001b000001HKqSp
WH Maklerbetreuer - Sven Schulz,Volker Tent Versicherungen,Sven Schulz,Sven Schulz,001b0000024r9OR
WH Maklerbetreuer - Sven Schulz,VORTEIL Immobilien,Sven Schulz,Sven Schulz,001b000000phMQm
WH Maklerbetreuer - Sven Schulz,VS Versicherungsmakler GmbH,Sven Schulz,Sven Schulz,001b000000rnREs
WH Maklerbetreuer - Sven Schulz,Walter Schumacher e.K. Versicherungsbüro,Sven Schulz,Sven Schulz,001b000000p37ki
WH Maklerbetreuer - Sven Schulz,Warmeling Consulting Unternehmensgruppe,Sven Schulz,Sven Schulz,001b000003Hjz2V
WH Maklerbetreuer - Sven Schulz,Weber & Weber Immobilienkaufleute,Sven Schulz,Sven Schulz,001b000000oahzZ
WH Maklerbetreuer - Sven Schulz,WH-Immobilien Werner Häupl,Sven Schulz,Sven Schulz,001b000003LxJog
WH Maklerbetreuer - Sven Schulz,Wiener Immobilien GmbH,Sven Schulz,Sven Schulz,001b000000mrGd3
WH Maklerbetreuer - Sven Schulz,Wiesinger & Partner GmbH,Sven Schulz,Sven Schulz,001b000003b0BY3
WH Maklerbetreuer - Sven Schulz,Winfried Kil Ihr Büro mit Service,Sven Schulz,Sven Schulz,001b0000024r9QE
WH Maklerbetreuer - Sven Schulz,Winterhoff Immobilien GmbH,Sven Schulz,Sven Schulz,001b0000024rIx0
WH Maklerbetreuer - Sven Schulz,Wujkiw Hellmann & Partner Versicherungsmakler GmbH,Sven Schulz,Sven Schulz,001b000000o4mjp
WH Maklerbetreuer - Sven Schulz,Wulff und Partner Versicherungsvermittlungs GmbH,Sven Schulz,Sven Schulz,001b000003YkGwC
WH Maklerbetreuer - Sven Schulz,Württembergische Versicherung AG - Oldenburg,Sven Schulz,Sven Schulz,001b000000nVkcI